^CAOSU,0,0,0,0,0,0
^CK,0,0,0,0,0,0
^CONGNGHE,0,0,0,0,0,0
^DAUKHI,0,0,0,0,0,0
^DICHVU,0,0,0,0,0,0
^DUOCPHAM,0,0,0,0,0,0
^GIAODUC,0,0,0,0,0,0
^HASTC,0,0,0,0,0,0
^KHOANGSAN,0,0,0,0,0,0
^LARGECAP,0,0,0,0,0,0
^MIDCAP,0,0,0,0,0,0
^NANGLUONG,0,0,0,0,0,0
^NGANHANG,0,0,0,0,0,0
^NHUA,0,0,0,0,0,0
^SMALLCAP,0,0,0,0,0,0
^SXKD,0,0,0,0,0,0
^THEP,0,0,0,0,0,0
^THUCPHAM,0,0,0,0,0,0
^THUONGMAI,0,0,0,0,0,0
^THUYSAN,0,0,0,0,0,0
^VANTAI,0,0,0,0,0,0
^VLXD,0,0,0,0,0,0
^VN30,0,0,0,0,0,0
^VN30_HOSE,0,0,0,0,0,0
^VN50,0,0,0,0,0,0
^VNINDEX,0,0,0,0,0,0
^XAYDUNG,0,0,0,0,0,0
AAA,HNX,0,0,0,0,0
AAM,HSX,0,0,0,0,0
ABT,HSX,0,0,0,0,0
ACB,HNX,0,0,0,0,0
ACC,HSX,0,0,0,0,0
ACL,HSX,0,0,0,0,0
ACM,HNX,0,0,0,0,0
ADC,HNX,0,0,0,0,0
AGC,HNX,0,0,0,0,0
AGD,HSX,0,0,0,0,0
AGF,HSX,0,0,0,0,0
AGM,HSX,0,0,0,0,0
AGR,HSX,0,0,0,0,0
ALP,HSX,0,0,0,0,0
ALT,HNX,0,0,0,0,0
ALV,HNX,0,0,0,0,0
AMC,HNX,0,0,0,0,0
AMD,HSX,0,0,0,0,0
AME,HNX,0,0,0,0,0
AMV,HNX,0,0,0,0,0
ANV,HSX,0,0,0,0,0
APC,HSX,0,0,0,0,0
APG,HNX,0,0,0,0,0
API,HNX,0,0,0,0,0
APP,HNX,0,0,0,0,0
APS,HNX,0,0,0,0,0
ARM,HNX,0,0,0,0,0
ASA,HNX,0,0,0,0,0
ASIAGF,HSX,0,0,0,0,0
ASM,HSX,0,0,0,0,0
ASP,HSX,0,0,0,0,0
ATA,HSX,0,0,0,0,0
AVS,HNX,0,0,0,0,0
B82,HNX,0,0,0,0,0
BAM,HNX,0,0,0,0,0
BAS,HSX,0,0,0,0,0
BBC,HSX,0,0,0,0,0
BBS,HNX,0,0,0,0,0
BBT,HSX,0,0,0,0,0
BCC,HNX,0,0,0,0,0
BCE,HSX,0,0,0,0,0
BCG,HSX,0,0,0,0,0
BCI,HSX,0,0,0,0,0
BDB,HNX,0,0,0,0,0
BED,HNX,0,0,0,0,0
BFC,HSX,0,0,0,0,0
BGM,HSX,0,0,0,0,0
BHS,HSX,0,0,0,0,0
BHT,HNX,0,0,0,0,0
BHV,HNX,0,0,0,0,0
BIC,HSX,0,0,0,0,0
BID,HSX,0,0,0,0,0
BII,HNX,0,0,0,0,0
BKC,HNX,0,0,0,0,0
BLF,HNX,0,0,0,0,0
BMC,HSX,0,0,0,0,0
BMI,HSX,0,0,0,0,0
BMP,HSX,0,0,0,0,0
BPC,HNX,0,0,0,0,0
BRC,HSX,0,0,0,0,0
BSC,HNX,0,0,0,0,0
BSI,HSX,0,0,0,0,0
BST,HNX,0,0,0,0,0
BT6,HSX,0,0,0,0,0
BTH,HNX,0,0,0,0,0
BTP,HSX,0,0,0,0,0
BTS,HNX,0,0,0,0,0
BTT,HSX,0,0,0,0,0
BVG,HNX,0,0,0,0,0
BVH,HSX,0,0,0,0,0
BVS,HNX,0,0,0,0,0
BXH,HNX,0,0,0,0,0
C21,HSX,0,0,0,0,0
C32,HSX,0,0,0,0,0
C47,HSX,0,0,0,0,0
C92,HNX,0,0,0,0,0
CAN,HNX,0,0,0,0,0
CAP,HNX,0,0,0,0,0
CAV,HSX,0,0,0,0,0
CCI,HSX,0,0,0,0,0
CCL,HSX,0,0,0,0,0
CCM,HNX,0,0,0,0,0
CDC,HSX,0,0,0,0,0
CDO,HSX,0,0,0,0,0
CEO,HNX,0,0,0,0,0
CHP,HNX,0,0,0,0,0
CIC,HNX,0,0,0,0,0
CID,HNX,0,0,0,0,0
CIG,HSX,0,0,0,0,0
CII,HSX,0,0,0,0,0
CII41401,HSX,0,0,0,0,0
CJC,HNX,0,0,0,0,0
CKV,HNX,0,0,0,0,0
CLC,HSX,0,0,0,0,0
CLG,HSX,0,0,0,0,0
CLL,HSX,0,0,0,0,0
CLP,HSX,0,0,0,0,0
CLW,HSX,0,0,0,0,0
CMC,HNX,0,0,0,0,0
CMG,HSX,0,0,0,0,0
CMI,HNX,0,0,0,0,0
CMS,HNX,0,0,0,0,0
CMT,HSX,0,0,0,0,0
CMV,HSX,0,0,0,0,0
CMX,HSX,0,0,0,0,0
CNG,HSX,0,0,0,0,0
COM,HSX,0,0,0,0,0
CPC,HNX,0,0,0,0,0
CSC,HNX,0,0,0,0,0
CSG,HSX,0,0,0,0,0
CSM,HSX,0,0,0,0,0
CSV,HSX,0,0,0,0,0
CT6,HNX,0,0,0,0,0
CTA,HNX,0,0,0,0,0
CTB,HNX,0,0,0,0,0
CTC,HNX,0,0,0,0,0
CTD,HSX,0,0,0,0,0
CTG,HSX,0,0,0,0,0
CTI,HSX,0,0,0,0,0
CTM,HNX,0,0,0,0,0
CTN,HNX,0,0,0,0,0
CTS,HNX,0,0,0,0,0
CTT,HNX,0,0,0,0,0
CTV,HNX,0,0,0,0,0
CTX,HNX,0,0,0,0,0
CVN,HNX,0,0,0,0,0
CVT,HNX,0,0,0,0,0
CX8,HNX,0,0,0,0,0
CYC,HSX,0,0,0,0,0
D11,HNX,0,0,0,0,0
D2D,HSX,0,0,0,0,0
DAC,HNX,0,0,0,0,0
DAD,HNX,0,0,0,0,0
DAE,HNX,0,0,0,0,0
DAG,HSX,0,0,0,0,0
DBC,HNX,0,0,0,0,0
DBT,HNX,0,0,0,0,0
DC2,HNX,0,0,0,0,0
DC4,HNX,0,0,0,0,0
DCC,HSX,0,0,0,0,0
DCL,HSX,0,0,0,0,0
DCM,HSX,0,0,0,0,0
DCS,HNX,0,0,0,0,0
DCT,HSX,0,0,0,0,0
DGC,HNX,0,0,0,0,0
DGW,HSX,0,0,0,0,0
DHA,HSX,0,0,0,0,0
DHC,HSX,0,0,0,0,0
DHG,HSX,0,0,0,0,0
DHI,HNX,0,0,0,0,0
DHL,HNX,0,0,0,0,0
DHM,HSX,0,0,0,0,0
DHP,HNX,0,0,0,0,0
DHT,HNX,0,0,0,0,0
DIC,HSX,0,0,0,0,0
DID,HNX,0,0,0,0,0
DIG,HSX,0,0,0,0,0
DIH,HNX,0,0,0,0,0
DL1,HNX,0,0,0,0,0
DLG,HSX,0,0,0,0,0
DLR,HNX,0,0,0,0,0
DMC,HSX,0,0,0,0,0
DNC,HNX,0,0,0,0,0
DNM,HNX,0,0,0,0,0
DNP,HNX,0,0,0,0,0
DNY,HNX,0,0,0,0,0
DP3,HNX,0,0,0,0,0
DPC,HNX,0,0,0,0,0
DPM,HSX,0,0,0,0,0
DPR,HSX,0,0,0,0,0
DPS,HNX,0,0,0,0,0
DQC,HSX,0,0,0,0,0
DRC,HSX,0,0,0,0,0
DRH,HSX,0,0,0,0,0
DRL,HSX,0,0,0,0,0
DSN,HSX,0,0,0,0,0
DST,HNX,0,0,0,0,0
DTA,HSX,0,0,0,0,0
DTL,HSX,0,0,0,0,0
DTT,HSX,0,0,0,0,0
DVD,HSX,0,0,0,0,0
DVP,HSX,0,0,0,0,0
DXG,HSX,0,0,0,0,0
DXP,HNX,0,0,0,0,0
DXV,HSX,0,0,0,0,0
DZM,HNX,0,0,0,0,0
E1SSHN30,HNX,0,0,0,0,0
E1VFVN30,HSX,0,0,0,0,0
EBS,HNX,0,0,0,0,0
ECI,HNX,0,0,0,0,0
EFI,HNX,0,0,0,0,0
EIB,HSX,0,0,0,0,0
EID,HNX,0,0,0,0,0
ELC,HSX,0,0,0,0,0
EMC,HSX,0,0,0,0,0
EVE,HSX,0,0,0,0,0
FBT,HSX,0,0,0,0,0
FCM,HSX,0,0,0,0,0
FCN,HSX,0,0,0,0,0
FDC,HSX,0,0,0,0,0
FDG,HSX,0,0,0,0,0
FDT,HNX,0,0,0,0,0
FID,HNX,0,0,0,0,0
FIT,HSX,0,0,0,0,0
FLC,HSX,0,0,0,0,0
FMC,HSX,0,0,0,0,0
FPC,HSX,0,0,0,0,0
FPT,HSX,0,0,0,0,0
G20,HNX,0,0,0,0,0
GAS,HSX,0,0,0,0,0
GBS,HNX,0,0,0,0,0
GDT,HSX,0,0,0,0,0
GFC,HNX,0,0,0,0,0
GHA,HNX,0,0,0,0,0
GIL,HSX,0,0,0,0,0
GLT,HNX,0,0,0,0,0
GMC,HSX,0,0,0,0,0
GMD,HSX,0,0,0,0,0
GMX,HNX,0,0,0,0,0
GSP,HSX,0,0,0,0,0
GTA,HSX,0,0,0,0,0
GTN,HSX,0,0,0,0,0
GTT,HSX,0,0,0,0,0
HAD,HNX,0,0,0,0,0
HAG,HSX,0,0,0,0,0
HAH,HSX,0,0,0,0,0
HAI,HSX,0,0,0,0,0
HAP,HSX,0,0,0,0,0
HAR,HSX,0,0,0,0,0
HAS,HSX,0,0,0,0,0
HAT,HNX,0,0,0,0,0
HAX,HSX,0,0,0,0,0
HBB,HNX,0,0,0,0,0
HBC,HSX,0,0,0,0,0
HBE,HNX,0,0,0,0,0
HBS,HNX,0,0,0,0,0
HCC,HNX,0,0,0,0,0
HCM,HSX,0,0,0,0,0
HCT,HNX,0,0,0,0,0
HDA,HNX,0,0,0,0,0
HDC,HSX,0,0,0,0,0
HDG,HSX,0,0,0,0,0
HDO,HNX,0,0,0,0,0
HEV,HNX,0,0,0,0,0
HGM,HNX,0,0,0,0,0
HHC,HNX,0,0,0,0,0
HHG,HNX,0,0,0,0,0
HHL,HNX,0,0,0,0,0
HHS,HSX,0,0,0,0,0
HJS,HNX,0,0,0,0,0
HKB,HNX,0,0,0,0,0
HLC,HNX,0,0,0,0,0
HLD,HNX,0,0,0,0,0
HLG,HSX,0,0,0,0,0
HLY,HNX,0,0,0,0,0
HMC,HSX,0,0,0,0,0
HMH,HNX,0,0,0,0,0
HNB,HNX,0,0,0,0,0
HNG,HSX,0,0,0,0,0
HNM,HNX,0,0,0,0,0
HOM,HNX,0,0,0,0,0
HOT,HSX,0,0,0,0,0
HPC,HNX,0,0,0,0,0
HPG,HSX,0,0,0,0,0
HPR,HNX,0,0,0,0,0
HPS,HNX,0,0,0,0,0
HQC,HSX,0,0,0,0,0
HRC,HSX,0,0,0,0,0
HSC,HNX,0,0,0,0,0
HSG,HSX,0,0,0,0,0
HST,HNX,0,0,0,0,0
HT1,HSX,0,0,0,0,0
HT2,HSX,0,0,0,0,0
HTB,HNX,0,0,0,0,0
HTC,HNX,0,0,0,0,0
HTI,HSX,0,0,0,0,0
HTL,HSX,0,0,0,0,0
HTP,HNX,0,0,0,0,0
HTV,HSX,0,0,0,0,0
HU1,HSX,0,0,0,0,0
HU3,HSX,0,0,0,0,0
HU4,HSX,0,0,0,0,0
HUT,HNX,0,0,0,0,0
HVA,HNX,0,0,0,0,0
HVG,HSX,0,0,0,0,0
HVT,HNX,0,0,0,0,0
HVX,HSX,0,0,0,0,0
ICF,HSX,0,0,0,0,0
ICG,HNX,0,0,0,0,0
IDI,HSX,0,0,0,0,0
IDJ,HNX,0,0,0,0,0
IDV,HNX,0,0,0,0,0
IFS,HSX,0,0,0,0,0
IJC,HSX,0,0,0,0,0
ILC,HNX,0,0,0,0,0
IMP,HSX,0,0,0,0,0
INC,HNX,0,0,0,0,0
INN,HNX,0,0,0,0,0
ITA,HSX,0,0,0,0,0
ITC,HSX,0,0,0,0,0
ITD,HSX,0,0,0,0,0
ITQ,HNX,0,0,0,0,0
IVS,HNX,0,0,0,0,0
JVC,HSX,0,0,0,0,0
KAC,HSX,0,0,0,0,0
KBC,HSX,0,0,0,0,0
KBT,HNX,0,0,0,0,0
KDC,HSX,0,0,0,0,0
KDH,HSX,0,0,0,0,0
KHA,HSX,0,0,0,0,0
KHB,HNX,0,0,0,0,0
KHL,HNX,0,0,0,0,0
KHP,HSX,0,0,0,0,0
KKC,HNX,0,0,0,0,0
KLF,HNX,0,0,0,0,0
KLS,HNX,0,0,0,0,0
KMF,HNX,0,0,0,0,0
KMR,HSX,0,0,0,0,0
KMT,HNX,0,0,0,0,0
KSA,HSX,0,0,0,0,0
KSB,HSX,0,0,0,0,0
KSD,HNX,0,0,0,0,0
KSH,HSX,0,0,0,0,0
KSK,HNX,0,0,0,0,0
KSQ,HNX,0,0,0,0,0
KSS,HSX,0,0,0,0,0
KST,HNX,0,0,0,0,0
KTB,HSX,0,0,0,0,0
KTS,HNX,0,0,0,0,0
KTT,HNX,0,0,0,0,0
KVC,HNX,0,0,0,0,0
L10,HSX,0,0,0,0,0
L14,HNX,0,0,0,0,0
L18,HNX,0,0,0,0,0
L35,HNX,0,0,0,0,0
L43,HNX,0,0,0,0,0
L44,HNX,0,0,0,0,0
L61,HNX,0,0,0,0,0
L62,HNX,0,0,0,0,0
LAF,HSX,0,0,0,0,0
LAS,HNX,0,0,0,0,0
LBE,HNX,0,0,0,0,0
LBM,HSX,0,0,0,0,0
LCD,HNX,0,0,0,0,0
LCG,HSX,0,0,0,0,0
LCM,HSX,0,0,0,0,0
LCS,HNX,0,0,0,0,0
LDG,HSX,0,0,0,0,0
LDP,HNX,0,0,0,0,0
LGC,HSX,0,0,0,0,0
LGL,HSX,0,0,0,0,0
LHC,HNX,0,0,0,0,0
LHG,HSX,0,0,0,0,0
LIG,HNX,0,0,0,0,0
LIX,HSX,0,0,0,0,0
LM7,HNX,0,0,0,0,0
LM8,HSX,0,0,0,0,0
LO5,HNX,0,0,0,0,0
LSS,HSX,0,0,0,0,0
LTC,HNX,0,0,0,0,0
LUT,HNX,0,0,0,0,0
MAC,HNX,0,0,0,0,0
MAFPF1,HSX,0,0,0,0,0
MAS,HNX,0,0,0,0,0
MAX,HNX,0,0,0,0,0
MBB,HSX,0,0,0,0,0
MCC,HNX,0,0,0,0,0
MCF,HNX,0,0,0,0,0
MCG,HSX,0,0,0,0,0
MCL,HNX,0,0,0,0,0
MCO,HNX,0,0,0,0,0
MCP,HSX,0,0,0,0,0
MCV,HSX,0,0,0,0,0
MDC,HNX,0,0,0,0,0
MDG,HSX,0,0,0,0,0
MEC,HNX,0,0,0,0,0
MHC,HSX,0,0,0,0,0
MHL,HNX,0,0,0,0,0
MIH,HNX,0,0,0,0,0
MIM,HNX,0,0,0,0,0
MKP,HSX,0,0,0,0,0
MKV,HNX,0,0,0,0,0
MNC,HNX,0,0,0,0,0
MPC,HSX,0,0,0,0,0
MSN,HSX,0,0,0,0,0
MWG,HSX,0,0,0,0,0
NAF,HSX,0,0,0,0,0
NAG,HNX,0,0,0,0,0
NAV,HSX,0,0,0,0,0
NBB,HSX,0,0,0,0,0
NBC,HNX,0,0,0,0,0
NBP,HNX,0,0,0,0,0
NCT,HSX,0,0,0,0,0
NDF,HNX,0,0,0,0,0
NDN,HNX,0,0,0,0,0
NDX,HNX,0,0,0,0,0
NET,HNX,0,0,0,0,0
NFC,HNX,0,0,0,0,0
NGC,HNX,0,0,0,0,0
NHA,HNX,0,0,0,0,0
NHC,HNX,0,0,0,0,0
NHP,HNX,0,0,0,0,0
NHS,HSX,0,0,0,0,0
NHW,HSX,0,0,0,0,0
NIS,HNX,0,0,0,0,0
NKD,HSX,0,0,0,0,0
NKG,HSX,0,0,0,0,0
NLC,HNX,0,0,0,0,0
NLG,HSX,0,0,0,0,0
NNC,HSX,0,0,0,0,0
NPS,HNX,0,0,0,0,0
NSC,HSX,0,0,0,0,0
NSN,HNX,0,0,0,0,0
NST,HNX,0,0,0,0,0
NT2,HSX,0,0,0,0,0
NTL,HSX,0,0,0,0,0
NTP,HNX,0,0,0,0,0
NVB,HNX,0,0,0,0,0
NVC,HNX,0,0,0,0,0
NVN,HSX,0,0,0,0,0
NVT,HSX,0,0,0,0,0
OCH,HNX,0,0,0,0,0
OGC,HSX,0,0,0,0,0
ONE,HNX,0,0,0,0,0
OPC,HSX,0,0,0,0,0
ORS,HNX,0,0,0,0,0
PAC,HSX,0,0,0,0,0
PAN,HSX,0,0,0,0,0
PBP,HNX,0,0,0,0,0
PCE,HNX,0,0,0,0,0
PCG,HNX,0,0,0,0,0
PCT,HNX,0,0,0,0,0
PDB,HNX,0,0,0,0,0
PDC,HNX,0,0,0,0,0
PDN,HSX,0,0,0,0,0
PDR,HSX,0,0,0,0,0
PEN,HNX,0,0,0,0,0
PET,HSX,0,0,0,0,0
PGC,HSX,0,0,0,0,0
PGD,HSX,0,0,0,0,0
PGI,HSX,0,0,0,0,0
PGS,HNX,0,0,0,0,0
PGT,HNX,0,0,0,0,0
PHC,HNX,0,0,0,0,0
PHP,HNX,0,0,0,0,0
PHR,HSX,0,0,0,0,0
PHS,HNX,0,0,0,0,0
PHT,HSX,0,0,0,0,0
PIT,HSX,0,0,0,0,0
PIV,HNX,0,0,0,0,0
PJC,HNX,0,0,0,0,0
PJT,HSX,0,0,0,0,0
PLC,HNX,0,0,0,0,0
PMB,HNX,0,0,0,0,0
PMC,HNX,0,0,0,0,0
PMP,HNX,0,0,0,0,0
PMS,HNX,0,0,0,0,0
PNC,HSX,0,0,0,0,0
PNJ,HSX,0,0,0,0,0
POM,HSX,0,0,0,0,0
POT,HNX,0,0,0,0,0
PPC,HSX,0,0,0,0,0
PPE,HNX,0,0,0,0,0
PPI,HSX,0,0,0,0,0
PPP,HNX,0,0,0,0,0
PPS,HNX,0,0,0,0,0
PRC,HNX,0,0,0,0,0
PRUBF1,HSX,0,0,0,0,0
PSC,HNX,0,0,0,0,0
PSD,HNX,0,0,0,0,0
PSE,HNX,0,0,0,0,0
PSI,HNX,0,0,0,0,0
PSW,HNX,0,0,0,0,0
PTB,HSX,0,0,0,0,0
PTC,HSX,0,0,0,0,0
PTI,HNX,0,0,0,0,0
PTK,HSX,0,0,0,0,0
PTL,HSX,0,0,0,0,0
PTS,HNX,0,0,0,0,0
PV2,HNX,0,0,0,0,0
PVB,HNX,0,0,0,0,0
PVC,HNX,0,0,0,0,0
PVD,HSX,0,0,0,0,0
PVE,HNX,0,0,0,0,0
PVF,HSX,0,0,0,0,0
PVG,HNX,0,0,0,0,0
PVI,HNX,0,0,0,0,0
PVL,HNX,0,0,0,0,0
PVR,HNX,0,0,0,0,0
PVS,HNX,0,0,0,0,0
PVT,HSX,0,0,0,0,0
PVV,HNX,0,0,0,0,0
PVX,HNX,0,0,0,0,0
PXA,HNX,0,0,0,0,0
PXI,HSX,0,0,0,0,0
PXL,HSX,0,0,0,0,0
PXS,HSX,0,0,0,0,0
PXT,HSX,0,0,0,0,0
QBS,HSX,0,0,0,0,0
QCG,HSX,0,0,0,0,0
QHD,HNX,0,0,0,0,0
QNC,HNX,0,0,0,0,0
QST,HNX,0,0,0,0,0
QTC,HNX,0,0,0,0,0
RAL,HSX,0,0,0,0,0
RCL,HNX,0,0,0,0,0
RDP,HSX,0,0,0,0,0
REE,HSX,0,0,0,0,0
RHC,HNX,0,0,0,0,0
RIC,HSX,0,0,0,0,0
S12,HNX,0,0,0,0,0
S55,HNX,0,0,0,0,0
S64,HNX,0,0,0,0,0
S74,HNX,0,0,0,0,0
S91,HNX,0,0,0,0,0
S99,HNX,0,0,0,0,0
SAF,HNX,0,0,0,0,0
SAM,HSX,0,0,0,0,0
SAP,HNX,0,0,0,0,0
SAV,HSX,0,0,0,0,0
SBA,HSX,0,0,0,0,0
SBC,HSX,0,0,0,0,0
SBT,HSX,0,0,0,0,0
SC5,HSX,0,0,0,0,0
SCD,HSX,0,0,0,0,0
SCJ,HNX,0,0,0,0,0
SCL,HNX,0,0,0,0,0
SCR,HNX,0,0,0,0,0
SD2,HNX,0,0,0,0,0
SD4,HNX,0,0,0,0,0
SD5,HNX,0,0,0,0,0
SD6,HNX,0,0,0,0,0
SD7,HNX,0,0,0,0,0
SD8,HNX,0,0,0,0,0
SD9,HNX,0,0,0,0,0
SDA,HNX,0,0,0,0,0
SDC,HNX,0,0,0,0,0
SDD,HNX,0,0,0,0,0
SDE,HNX,0,0,0,0,0
SDG,HNX,0,0,0,0,0
SDH,HNX,0,0,0,0,0
SDN,HNX,0,0,0,0,0
SDP,HNX,0,0,0,0,0
SDS,HNX,0,0,0,0,0
SDT,HNX,0,0,0,0,0
SDU,HNX,0,0,0,0,0
SDY,HNX,0,0,0,0,0
SEB,HNX,0,0,0,0,0
SEC,HSX,0,0,0,0,0
SED,HNX,0,0,0,0,0
SEL,HNX,0,0,0,0,0
SFC,HSX,0,0,0,0,0
SFG,HSX,0,0,0,0,0
SFI,HSX,0,0,0,0,0
SFN,HNX,0,0,0,0,0
SGC,HNX,0,0,0,0,0
SGD,HNX,0,0,0,0,0
SGH,HNX,0,0,0,0,0
SGT,HSX,0,0,0,0,0
SHA,HNX,0,0,0,0,0
SHB,HNX,0,0,0,0,0
SHC,HNX,0,0,0,0,0
SHI,HSX,0,0,0,0,0
SHN,HNX,0,0,0,0,0
SHP,HSX,0,0,0,0,0
SHS,HNX,0,0,0,0,0
SIC,HNX,0,0,0,0,0
SII,HSX,0,0,0,0,0
SJ1,HNX,0,0,0,0,0
SJC,HNX,0,0,0,0,0
SJD,HSX,0,0,0,0,0
SJE,HNX,0,0,0,0,0
SJS,HSX,0,0,0,0,0
SKG,HSX,0,0,0,0,0
SKS,HNX,0,0,0,0,0
SLS,HNX,0,0,0,0,0
SMA,HSX,0,0,0,0,0
SMC,HSX,0,0,0,0,0
SME,HNX,0,0,0,0,0
SMN,HNX,0,0,0,0,0
SMT,HNX,0,0,0,0,0
SNG,HNX,0,0,0,0,0
SPI,HNX,0,0,0,0,0
SPM,HSX,0,0,0,0,0
SPP,HNX,0,0,0,0,0
SQC,HNX,0,0,0,0,0
SRA,HNX,0,0,0,0,0
SRB,HNX,0,0,0,0,0
SRC,HSX,0,0,0,0,0
SRF,HSX,0,0,0,0,0
SSC,HSX,0,0,0,0,0
SSI,HSX,0,0,0,0,0
SSM,HNX,0,0,0,0,0
SSS,HNX,0,0,0,0,0
ST8,HSX,0,0,0,0,0
STB,HSX,0,0,0,0,0
STC,HNX,0,0,0,0,0
STG,HSX,0,0,0,0,0
STK,HSX,0,0,0,0,0
STP,HNX,0,0,0,0,0
STT,HSX,0,0,0,0,0
SVC,HSX,0,0,0,0,0
SVI,HSX,0,0,0,0,0
SVN,HNX,0,0,0,0,0
SVS,HNX,0,0,0,0,0
SVT,HSX,0,0,0,0,0
SZL,HSX,0,0,0,0,0
TA9,HNX,0,0,0,0,0
TAC,HSX,0,0,0,0,0
TAG,HNX,0,0,0,0,0
TAS,HNX,0,0,0,0,0
TBC,HSX,0,0,0,0,0
TBX,HNX,0,0,0,0,0
TC6,HNX,0,0,0,0,0
TCL,HSX,0,0,0,0,0
TCM,HSX,0,0,0,0,0
TCO,HSX,0,0,0,0,0
TCR,HSX,0,0,0,0,0
TCS,HNX,0,0,0,0,0
TCT,HNX,0,0,0,0,0
TDC,HSX,0,0,0,0,0
TDH,HSX,0,0,0,0,0
TDN,HNX,0,0,0,0,0
TDW,HSX,0,0,0,0,0
TET,HNX,0,0,0,0,0
TH1,HNX,0,0,0,0,0
THB,HNX,0,0,0,0,0
THG,HSX,0,0,0,0,0
THS,HNX,0,0,0,0,0
THT,HNX,0,0,0,0,0
THV,HNX,0,0,0,0,0
TIC,HSX,0,0,0,0,0
TIE,HSX,0,0,0,0,0
TIG,HNX,0,0,0,0,0
TIX,HSX,0,0,0,0,0
TJC,HNX,0,0,0,0,0
TKC,HNX,0,0,0,0,0
TKU,HNX,0,0,0,0,0
TLC,HNX,0,0,0,0,0
TLG,HSX,0,0,0,0,0
TLH,HSX,0,0,0,0,0
TMC,HNX,0,0,0,0,0
TMP,HSX,0,0,0,0,0
TMS,HSX,0,0,0,0,0
TMT,HSX,0,0,0,0,0
TMX,HNX,0,0,0,0,0
TNA,HSX,0,0,0,0,0
TNC,HSX,0,0,0,0,0
TNG,HNX,0,0,0,0,0
TNT,HSX,0,0,0,0,0
TPC,HSX,0,0,0,0,0
TPH,HNX,0,0,0,0,0
TPP,HNX,0,0,0,0,0
TRA,HSX,0,0,0,0,0
TRC,HSX,0,0,0,0,0
TRI,HSX,0,0,0,0,0
TS4,HSX,0,0,0,0,0
TSB,HNX,0,0,0,0,0
TSC,HSX,0,0,0,0,0
TSM,HNX,0,0,0,0,0
TST,HNX,0,0,0,0,0
TTB,HNX,0,0,0,0,0
TTC,HNX,0,0,0,0,0
TTF,HSX,0,0,0,0,0
TTP,HSX,0,0,0,0,0
TTZ,HNX,0,0,0,0,0
TV1,HSX,0,0,0,0,0
TV2,HNX,0,0,0,0,0
TV3,HNX,0,0,0,0,0
TV4,HNX,0,0,0,0,0
TVC,HNX,0,0,0,0,0
TVD,HNX,0,0,0,0,0
TVS,HSX,0,0,0,0,0
TXM,HNX,0,0,0,0,0
TYA,HSX,0,0,0,0,0
UDC,HSX,0,0,0,0,0
UIC,HSX,0,0,0,0,0
UNI,HNX,0,0,0,0,0
V12,HNX,0,0,0,0,0
V21,HNX,0,0,0,0,0
VAF,HSX,0,0,0,0,0
VAT,HNX,0,0,0,0,0
VBC,HNX,0,0,0,0,0
VBH,HNX,0,0,0,0,0
VC1,HNX,0,0,0,0,0
VC2,HNX,0,0,0,0,0
VC3,HNX,0,0,0,0,0
VC5,HNX,0,0,0,0,0
VC6,HNX,0,0,0,0,0
VC7,HNX,0,0,0,0,0
VC9,HNX,0,0,0,0,0
VCB,HSX,0,0,0,0,0
VCC,HNX,0,0,0,0,0
VCF,HSX,0,0,0,0,0
VCG,HNX,0,0,0,0,0
VCH,HNX,0,0,0,0,0
VCM,HNX,0,0,0,0,0
VCR,HNX,0,0,0,0,0
VCS,HNX,0,0,0,0,0
VCV,HNX,0,0,0,0,0
VDL,HNX,0,0,0,0,0
VDS,HNX,0,0,0,0,0
VE1,HNX,0,0,0,0,0
VE2,HNX,0,0,0,0,0
VE3,HNX,0,0,0,0,0
VE4,HNX,0,0,0,0,0
VE8,HNX,0,0,0,0,0
VE9,HNX,0,0,0,0,0
VFG,HSX,0,0,0,0,0
VFMVF1,HSX,0,0,0,0,0
VFMVF4,HSX,0,0,0,0,0
VFMVFA,HSX,0,0,0,0,0
VFMVN30,HSX,0,0,0,0,0
VFR,HNX,0,0,0,0,0
VGP,HNX,0,0,0,0,0
VGS,HNX,0,0,0,0,0
VHC,HSX,0,0,0,0,0
VHG,HSX,0,0,0,0,0
VHL,HNX,0,0,0,0,0
VIC,HSX,0,0,0,0,0
VID,HSX,0,0,0,0,0
VIE,HNX,0,0,0,0,0
VIG,HNX,0,0,0,0,0
VIP,HSX,0,0,0,0,0
VIS,HSX,0,0,0,0,0
VIT,HNX,0,0,0,0,0
VIX,HNX,0,0,0,0,0
VKC,HNX,0,0,0,0,0
VLA,HNX,0,0,0,0,0
VLF,HSX,0,0,0,0,0
VMC,HNX,0,0,0,0,0
VMD,HSX,0,0,0,0,0
VMG,HNX,0,0,0,0,0
VMI,HNX,0,0,0,0,0
VNA,HSX,0,0,0,0,0
VNC,HNX,0,0,0,0,0
VND,HNX,0,0,0,0,0
VNE,HSX,0,0,0,0,0
VNF,HNX,0,0,0,0,0
VNG,HSX,0,0,0,0,0
VNH,HSX,0,0,0,0,0
VNL,HSX,0,0,0,0,0
VNM,HSX,0,0,0,0,0
VNR,HNX,0,0,0,0,0
VNS,HSX,0,0,0,0,0
VNT,HNX,0,0,0,0,0
VOS,HSX,0,0,0,0,0
VPH,HSX,0,0,0,0,0
VPK,HSX,0,0,0,0,0
VPL,HSX,0,0,0,0,0
VPS,HSX,0,0,0,0,0
VRC,HSX,0,0,0,0,0
VSC,HSX,0,0,0,0,0
VSH,HSX,0,0,0,0,0
VSI,HSX,0,0,0,0,0
VTB,HSX,0,0,0,0,0
VTC,HNX,0,0,0,0,0
VTF,HSX,0,0,0,0,0
VTH,HNX,0,0,0,0,0
VTL,HNX,0,0,0,0,0
VTO,HSX,0,0,0,0,0
VTS,HNX,0,0,0,0,0
VTV,HNX,0,0,0,0,0
VXB,HNX,0,0,0,0,0
WCS,HNX,0,0,0,0,0
WSS,HNX,0,0,0,0,0
XMC,HNX,0,0,0,0,0
YSC,HNX,0,0,0,0,0